{"cameraMode":{"drawMode":0,"name":"Shaded","section":"Shading Mode"},"sceneLighting":true,"audioPlay":false,"sceneViewState":{"m_AlwaysRefresh":false,"showFog":true,"showSkybox":true,"showFlares":true,"showImageEffects":true,"showParticleSystems":true,"showVisualEffectGraphs":true,"m_FxEnabled":true},"in2DMode":false,"pivot":{"x":2.5478909015655519,"y":1.6266765594482422,"z":2.4758453369140627},"rotation":{"x":0.002610290888696909,"y":0.9374443292617798,"z":-0.34804806113243105,"w":0.0070310793817043308},"size":14.640963554382325,"orthographic":false}