{"cameraMode":{"drawMode":0,"name":"Shaded","section":"Shading Mode"},"sceneLighting":false,"audioPlay":false,"sceneViewState":{"m_AlwaysRefresh":false,"showFog":true,"showSkybox":false,"showFlares":true,"showImageEffects":true,"showParticleSystems":true,"showVisualEffectGraphs":true,"m_FxEnabled":true},"in2DMode":false,"pivot":{"x":2.3234519958496095,"y":1.9503121376037598,"z":11.928837776184082},"rotation":{"x":0.24758046865463258,"y":0.752410888671875,"z":-0.4316127598285675,"w":0.43160590529441836},"size":0.8660253882408142,"orthographic":false}